imagename;year;blok;club
2020_blok1_1.jpg;2020;blok1;orca
2020_blok1_2.jpg;2020;blok1;orca
2020_blok1_3.jpg;2020;blok1;njord
2020_blok1_4.jpg;2020;blok1;njord
2020_blok1_5.jpg;2020;blok1;unclear
2020_blok1_6.jpg;2020;blok1;skadi
2020_blok1_7.jpg;2020;blok1;skadi
2020_blok1_8.jpg;2020;blok1;unclear
2020_blok1_9.jpg;2020;blok1;unclear
2020_blok1_10.jpg;2020;blok1;proteus
2020_blok1_11.jpg;2020;blok1;proteus
2020_blok1_12.jpg;2020;blok1;phocas
2020_blok1_13.jpg;2020;blok1;phocas
2020_blok1_14.jpg;2020;blok1;unclear
2020_blok1_15.jpg;2020;blok1;unclear
2020_blok1_16.jpg;2020;blok1;unclear
2020_blok1_17.jpg;2020;blok1;unclear
2020_blok1_18.jpg;2020;blok1;phocas
2020_blok1_19.jpg;2020;blok1;njord
2020_blok1_20.jpg;2020;blok1;njord
2020_blok1_21.jpg;2020;blok1;unclear
2020_blok1_22.jpg;2020;blok1;unclear
2020_blok1_23.jpg;2020;blok1;unclear
2020_blok1_24.jpg;2020;blok1;unclear
2020_blok1_25.jpg;2020;blok1;unclear
2020_blok1_26.jpg;2020;blok1;unclear
2020_blok1_27.jpg;2020;blok1;unclear
2020_blok1_28.jpg;2020;blok1;unclear
2020_blok1_29.jpg;2020;blok1;unclear
2020_blok1_30.jpg;2020;blok1;unclear
2020_blok1_31.jpg;2020;blok1;unclear
2020_blok1_32.jpg;2020;blok1;unclear
2020_blok1_33.jpg;2020;blok1;unclear
2020_blok1_34.jpg;2020;blok1;unclear
2020_blok1_35.jpg;2020;blok1;unclear
2020_blok1_36.jpg;2020;blok1;unclear
2020_blok1_37.jpg;2020;blok1;unclear
2020_blok1_38.jpg;2020;blok1;unclear
2020_blok1_39.jpg;2020;blok1;nereus
2020_blok1_40.jpg;2020;blok1;nereus
2020_blok1_41.jpg;2020;blok1;nereus
2020_blok1_42.jpg;2020;blok1;nereus
2020_blok1_43.jpg;2020;blok1;gyas
2020_blok1_44.jpg;2020;blok1;gyas
2020_blok1_45.jpg;2020;blok1;gyas
2020_blok1_46.jpg;2020;blok1;saurus
2020_blok1_47.jpg;2020;blok1;saurus
2020_blok1_48.jpg;2020;blok1;saurus
2020_blok1_49.jpg;2020;blok1;saurus
2020_blok1_50.jpg;2020;blok1;saurus
2020_blok1_51.jpg;2020;blok1;saurus
2020_blok1_52.jpg;2020;blok1;skadi
2020_blok1_53.jpg;2020;blok1;skadi
2020_blok1_54.jpg;2020;blok1;skadi
2020_blok1_55.jpg;2020;blok1;skadi
2020_blok1_56.jpg;2020;blok1;skadi
2020_blok1_57.jpg;2020;blok1;triton
2020_blok1_58.jpg;2020;blok1;triton
2020_blok1_59.jpg;2020;blok1;triton
2020_blok1_60.jpg;2020;blok1;proteus
2020_blok1_61.jpg;2020;blok1;proteus
2020_blok1_62.jpg;2020;blok1;phocas
2020_blok1_63.jpg;2020;blok1;phocas
2020_blok1_64.jpg;2020;blok1;phocas
2020_blok1_65.jpg;2020;blok1;aegir
2020_blok1_66.jpg;2020;blok1;aegir
2020_blok1_67.jpg;2020;blok1;aegir
2020_blok1_68.jpg;2020;blok1;skoll
2020_blok1_69.jpg;2020;blok1;skoll
2020_blok1_70.jpg;2020;blok1;skoll
2020_blok1_71.jpg;2020;blok1;njord
2020_blok1_72.jpg;2020;blok1;njord
2020_blok1_73.jpg;2020;blok1;njord
2020_blok1_74.jpg;2020;blok1;njord
2020_blok1_75.jpg;2020;blok1;orca
2020_blok1_76.jpg;2020;blok1;orca
2020_blok1_77.jpg;2020;blok1;orca
2020_blok1_78.jpg;2020;blok1;orca
2020_blok1_79.jpg;2020;blok1;unclear
2020_blok1_80.jpg;2020;blok1;unclear
2020_blok1_81.jpg;2020;blok1;unclear
2020_blok1_82.jpg;2020;blok1;unclear
2020_blok1_83.jpg;2020;blok1;laga
2020_blok1_84.jpg;2020;blok1;laga
2020_blok1_85.jpg;2020;blok1;laga
2020_blok1_86.jpg;2020;blok1;laga
2020_blok1_87.jpg;2020;blok1;asopos
2020_blok1_88.jpg;2020;blok1;asopos
2020_blok1_89.jpg;2020;blok1;asopos
2020_blok1_90.jpg;2020;blok1;asopos
2020_blok1_91.jpg;2020;blok1;asopos
2020_blok1_92.jpg;2020;blok1;okeanos
2020_blok1_93.jpg;2020;blok1;okeanos
2020_blok1_94.jpg;2020;blok1;okeanos
2020_blok1_95.jpg;2020;blok1;okeanos
2020_blok1_96.jpg;2020;blok1;argo
2020_blok1_97.jpg;2020;blok1;argo
2020_blok1_98.jpg;2020;blok1;argo
2020_blok1_99.jpg;2020;blok1;argo
2020_blok1_100.jpg;2020;blok1;vidar
2020_blok1_101.jpg;2020;blok1;vidar
2020_blok1_102.jpg;2020;blok1;vidar
2020_blok1_103.jpg;2020;blok1;vidar
2020_blok1_104.jpg;2020;blok1;njord
2020_blok1_105.jpg;2020;blok1;njord
2020_blok1_106.jpg;2020;blok1;njord
2020_blok1_107.jpg;2020;blok1;njord
2020_blok1_108.jpg;2020;blok1;nereus
2020_blok1_109.jpg;2020;blok1;nereus
2020_blok1_110.jpg;2020;blok1;nereus
2020_blok1_111.jpg;2020;blok1;nereus
2020_blok1_112.jpg;2020;blok1;unclear
2020_blok1_113.jpg;2020;blok1;unclear
2020_blok1_114.jpg;2020;blok1;unclear
2020_blok1_115.jpg;2020;blok1;unclear
2020_blok1_116.jpg;2020;blok1;unclear
2020_blok1_117.jpg;2020;blok1;unclear
2020_blok1_118.jpg;2020;blok1;unclear
2020_blok1_119.jpg;2020;blok1;unclear
2020_blok1_120.jpg;2020;blok1;pelargos
2020_blok1_121.jpg;2020;blok1;pelargos
2020_blok1_122.jpg;2020;blok1;pelargos
2020_blok1_123.jpg;2020;blok1;pelargos
2020_blok1_124.jpg;2020;blok1;triton
2020_blok1_125.jpg;2020;blok1;triton
2020_blok1_126.jpg;2020;blok1;triton
2020_blok1_127.jpg;2020;blok1;triton
2020_blok1_128.jpg;2020;blok1;orca
2020_blok1_129.jpg;2020;blok1;orca
2020_blok1_130.jpg;2020;blok1;orca
2020_blok1_131.jpg;2020;blok1;orca
2020_blok1_132.jpg;2020;blok1;orca
2020_blok1_133.jpg;2020;blok1;nereus
2020_blok1_134.jpg;2020;blok1;nereus
2020_blok1_135.jpg;2020;blok1;nereus
2020_blok1_136.jpg;2020;blok1;nereus
2020_blok1_137.jpg;2020;blok1;nereus
2020_blok1_138.jpg;2020;blok1;nereus
2020_blok1_139.jpg;2020;blok1;nereus
2020_blok1_140.jpg;2020;blok1;laga
2020_blok1_141.jpg;2020;blok1;laga
2020_blok1_142.jpg;2020;blok1;laga
2020_blok1_143.jpg;2020;blok1;laga
2020_blok1_144.jpg;2020;blok1;laga
2020_blok1_145.jpg;2020;blok1;laga
2020_blok1_146.jpg;2020;blok1;gyas
2020_blok1_147.jpg;2020;blok1;gyas
2020_blok1_148.jpg;2020;blok1;gyas
2020_blok1_149.jpg;2020;blok1;gyas
2020_blok1_150.jpg;2020;blok1;gyas
2020_blok1_151.jpg;2020;blok1;argo
2020_blok1_152.jpg;2020;blok1;argo
2020_blok1_153.jpg;2020;blok1;argo
2020_blok1_154.jpg;2020;blok1;argo
2020_blok1_155.jpg;2020;blok1;asopos
2020_blok1_156.jpg;2020;blok1;asopos
2020_blok1_157.jpg;2020;blok1;asopos
2020_blok1_158.jpg;2020;blok1;asopos
2020_blok1_159.jpg;2020;blok1;asopos
2020_blok1_160.jpg;2020;blok1;unclear
2020_blok1_161.jpg;2020;blok1;unclear
2020_blok1_162.jpg;2020;blok1;unclear
2020_blok1_163.jpg;2020;blok1;phocas
2020_blok1_164.jpg;2020;blok1;phocas
2020_blok1_165.jpg;2020;blok1;phocas
2020_blok1_166.jpg;2020;blok1;phocas
2020_blok1_167.jpg;2020;blok1;saurus
2020_blok1_168.jpg;2020;blok1;saurus
2020_blok1_169.jpg;2020;blok1;saurus
2020_blok1_170.jpg;2020;blok1;saurus
2020_blok1_171.jpg;2020;blok1;proteus
2020_blok1_172.jpg;2020;blok1;proteus
2020_blok1_173.jpg;2020;blok1;proteus
2020_blok1_174.jpg;2020;blok1;proteus
2020_blok1_175.jpg;2020;blok1;proteus
2020_blok1_176.jpg;2020;blok1;proteus
2020_blok1_177.jpg;2020;blok1;proteus
2020_blok1_178.jpg;2020;blok1;unclear
2020_blok1_179.jpg;2020;blok1;unclear
2020_blok1_180.jpg;2020;blok1;unclear
2020_blok1_181.jpg;2020;blok1;unclear
2020_blok1_182.jpg;2020;blok1;unclear
2020_blok1_183.jpg;2020;blok1;unclear
2020_blok1_184.jpg;2020;blok1;aegir
2020_blok1_185.jpg;2020;blok1;aegir
2020_blok1_186.jpg;2020;blok1;aegir
2020_blok1_187.jpg;2020;blok1;aegir
2020_blok1_188.jpg;2020;blok1;aegir
2020_blok1_189.jpg;2020;blok1;skoll
2020_blok1_190.jpg;2020;blok1;skoll
2020_blok1_191.jpg;2020;blok1;skoll
2020_blok1_192.jpg;2020;blok1;skoll
2020_blok1_193.jpg;2020;blok1;skoll
2020_blok1_194.jpg;2020;blok1;skoll
2020_blok1_195.jpg;2020;blok1;okeanos
2020_blok1_196.jpg;2020;blok1;okeanos
2020_blok1_197.jpg;2020;blok1;okeanos
2020_blok1_198.jpg;2020;blok1;okeanos
2020_blok1_199.jpg;2020;blok1;okeanos
2020_blok1_200.jpg;2020;blok1;njord
2020_blok1_201.jpg;2020;blok1;njord
2020_blok1_202.jpg;2020;blok1;njord
2020_blok1_203.jpg;2020;blok1;njord
2020_blok1_204.jpg;2020;blok1;njord
2020_blok1_205.jpg;2020;blok1;skadi
2020_blok1_206.jpg;2020;blok1;skadi
2020_blok1_207.jpg;2020;blok1;skadi
2020_blok1_208.jpg;2020;blok1;skadi
2020_blok1_209.jpg;2020;blok1;skadi
2020_blok1_210.jpg;2020;blok1;skadi
2020_blok1_211.jpg;2020;blok1;skadi
2020_blok1_212.jpg;2020;blok1;njord
2020_blok1_213.jpg;2020;blok1;njord
2020_blok1_214.jpg;2020;blok1;njord
2020_blok1_215.jpg;2020;blok1;njord
2020_blok1_216.jpg;2020;blok1;njord
2020_blok1_217.jpg;2020;blok1;njord
2020_blok1_218.jpg;2020;blok1;unclear
2020_blok1_219.jpg;2020;blok1;unclear
2020_blok1_220.jpg;2020;blok1;unclear
2020_blok1_221.jpg;2020;blok1;unclear
2020_blok1_222.jpg;2020;blok1;unclear
2020_blok1_223.jpg;2020;blok1;triton
2020_blok1_224.jpg;2020;blok1;triton
2020_blok1_225.jpg;2020;blok1;triton
2020_blok1_226.jpg;2020;blok1;triton
2020_blok1_227.jpg;2020;blok1;triton
2020_blok1_228.jpg;2020;blok1;triton
2020_blok1_229.jpg;2020;blok1;triton
2020_blok1_230.jpg;2020;blok1;unclear
2020_blok1_231.jpg;2020;blok1;saurus
2020_blok1_232.jpg;2020;blok1;okeanos
2020_blok1_233.jpg;2020;blok1;okeanos
2020_blok1_234.jpg;2020;blok1;okeanos
2020_blok1_235.jpg;2020;blok1;phocas
2020_blok1_236.jpg;2020;blok1;phocas
2020_blok1_237.jpg;2020;blok1;phocas
2020_blok1_238.jpg;2020;blok1;phocas
2020_blok1_239.jpg;2020;blok1;phocas
2020_blok1_240.jpg;2020;blok1;phocas
2020_blok1_241.jpg;2020;blok1;unclear
2020_blok1_242.jpg;2020;blok1;unclear
2020_blok1_243.jpg;2020;blok1;gyas
2020_blok1_244.jpg;2020;blok1;gyas
2020_blok1_245.jpg;2020;blok1;gyas
2020_blok1_246.jpg;2020;blok1;gyas
2020_blok1_247.jpg;2020;blok1;gyas
2020_blok1_248.jpg;2020;blok1;laga
2020_blok1_249.jpg;2020;blok1;laga
2020_blok1_250.jpg;2020;blok1;laga
2020_blok1_251.jpg;2020;blok1;laga
2020_blok1_252.jpg;2020;blok1;laga
2020_blok1_253.jpg;2020;blok1;unclear
2020_blok1_254.jpg;2020;blok1;proteus
2020_blok1_255.jpg;2020;blok1;proteus
2020_blok1_256.jpg;2020;blok1;proteus
2020_blok1_257.jpg;2020;blok1;unclear
2020_blok1_258.jpg;2020;blok1;unclear
2020_blok1_259.jpg;2020;blok1;unclear
2020_blok1_260.jpg;2020;blok1;unclear
2020_blok1_261.jpg;2020;blok1;unclear
2020_blok1_262.jpg;2020;blok1;okeanos
2020_blok1_263.jpg;2020;blok1;unclear
2020_blok1_264.jpg;2020;blok1;okeanos
2020_blok1_265.jpg;2020;blok1;asopos
2020_blok1_266.jpg;2020;blok1;asopos
2020_blok1_267.jpg;2020;blok1;asopos
2020_blok1_268.jpg;2020;blok1;skoll
2020_blok1_269.jpg;2020;blok1;skoll
2020_blok1_270.jpg;2020;blok1;skoll
2020_blok1_271.jpg;2020;blok1;skoll
2020_blok1_272.jpg;2020;blok1;skoll
2020_blok1_273.jpg;2020;blok1;unclear
2020_blok1_274.jpg;2020;blok1;unclear
2020_blok1_275.jpg;2020;blok1;unclear
2020_blok1_276.jpg;2020;blok1;unclear
2020_blok1_277.jpg;2020;blok1;unclear
2020_blok1_278.jpg;2020;blok1;proteus
2020_blok1_279.jpg;2020;blok1;proteus
2020_blok1_280.jpg;2020;blok1;proteus
2020_blok1_281.jpg;2020;blok1;proteus
2020_blok1_282.jpg;2020;blok1;proteus
2020_blok1_283.jpg;2020;blok1;proteus
2020_blok1_284.jpg;2020;blok1;njord
2020_blok1_285.jpg;2020;blok1;njord
2020_blok1_286.jpg;2020;blok1;njord
2020_blok1_287.jpg;2020;blok1;njord
2020_blok1_288.jpg;2020;blok1;njord
2020_blok1_289.jpg;2020;blok1;njord
2020_blok1_290.jpg;2020;blok1;njord
2020_blok1_291.jpg;2020;blok1;laga
2020_blok1_292.jpg;2020;blok1;laga
2020_blok1_293.jpg;2020;blok1;laga
2020_blok1_294.jpg;2020;blok1;laga
2020_blok1_295.jpg;2020;blok1;laga
2020_blok1_296.jpg;2020;blok1;unclear
2020_blok1_297.jpg;2020;blok1;unclear
2020_blok1_298.jpg;2020;blok1;gyas
2020_blok1_299.jpg;2020;blok1;gyas
2020_blok1_300.jpg;2020;blok1;gyas
2020_blok1_301.jpg;2020;blok1;unclear
2020_blok1_302.jpg;2020;blok1;unclear
2020_blok1_303.jpg;2020;blok1;gyas
2020_blok1_304.jpg;2020;blok1;okeanos
2020_blok1_305.jpg;2020;blok1;okeanos
2020_blok1_306.jpg;2020;blok1;proteus
2020_blok1_307.jpg;2020;blok1;proteus
2020_blok1_308.jpg;2020;blok1;aegir
2020_blok1_309.jpg;2020;blok1;aegir
2020_blok1_310.jpg;2020;blok1;aegir
2020_blok1_311.jpg;2020;blok1;triton
2020_blok1_312.jpg;2020;blok1;triton
2020_blok1_313.jpg;2020;blok1;njord
2020_blok1_314.jpg;2020;blok1;njord
2020_blok1_315.jpg;2020;blok1;njord
2020_blok1_316.jpg;2020;blok1;unclear
2020_blok1_317.jpg;2020;blok1;unclear
2020_blok1_318.jpg;2020;blok1;unclear
2020_blok1_319.jpg;2020;blok1;unclear
2020_blok1_320.jpg;2020;blok1;unclear
2020_blok1_321.jpg;2020;blok1;unclear
2020_blok1_322.jpg;2020;blok1;unclear
2020_blok1_323.jpg;2020;blok1;unclear
2020_blok1_324.jpg;2020;blok1;njord
2020_blok1_325.jpg;2020;blok1;njord
2020_blok1_326.jpg;2020;blok1;njord
2020_blok1_327.jpg;2020;blok1;njord
2020_blok1_328.jpg;2020;blok1;njord
2020_blok1_329.jpg;2020;blok1;njord
2020_blok1_330.jpg;2020;blok1;njord
2020_blok1_331.jpg;2020;blok1;njord
2020_blok1_332.jpg;2020;blok1;njord
2020_blok1_333.jpg;2020;blok1;unclear
2020_blok1_334.jpg;2020;blok1;unclear
2020_blok1_335.jpg;2020;blok1;proteus
2020_blok1_336.jpg;2020;blok1;proteus
2020_blok1_337.jpg;2020;blok1;proteus
2020_blok1_338.jpg;2020;blok1;proteus
2020_blok1_339.jpg;2020;blok1;proteus
2020_blok1_340.jpg;2020;blok1;proteus
2020_blok1_341.jpg;2020;blok1;proteus
2020_blok1_342.jpg;2020;blok1;asopos
2020_blok1_343.jpg;2020;blok1;asopos
2020_blok1_344.jpg;2020;blok1;asopos
2020_blok1_345.jpg;2020;blok1;asopos
2020_blok1_346.jpg;2020;blok1;asopos
2020_blok1_347.jpg;2020;blok1;asopos
2020_blok1_348.jpg;2020;blok1;skadi
2020_blok1_349.jpg;2020;blok1;skadi
2020_blok1_350.jpg;2020;blok1;skadi
2020_blok1_351.jpg;2020;blok1;skadi
2020_blok1_352.jpg;2020;blok1;skadi
2020_blok1_353.jpg;2020;blok1;skadi
2020_blok1_354.jpg;2020;blok1;orca
2020_blok1_355.jpg;2020;blok1;orca
2020_blok1_356.jpg;2020;blok1;orca
2020_blok1_357.jpg;2020;blok1;orca
2020_blok1_358.jpg;2020;blok1;orca
2020_blok1_359.jpg;2020;blok1;orca
2020_blok1_360.jpg;2020;blok1;orca
2020_blok1_361.jpg;2020;blok1;unclear
2020_blok1_362.jpg;2020;blok1;skadi
2020_blok1_363.jpg;2020;blok1;skadi
2020_blok1_364.jpg;2020;blok1;skadi
2020_blok1_365.jpg;2020;blok1;skadi
2020_blok1_366.jpg;2020;blok1;skadi
2020_blok1_367.jpg;2020;blok1;proteus
2020_blok1_368.jpg;2020;blok1;proteus
2020_blok1_369.jpg;2020;blok1;proteus
2020_blok1_370.jpg;2020;blok1;proteus
2020_blok1_371.jpg;2020;blok1;gyas
2020_blok1_372.jpg;2020;blok1;gyas
2020_blok1_373.jpg;2020;blok1;gyas
2020_blok1_374.jpg;2020;blok1;gyas
2020_blok1_375.jpg;2020;blok1;unclear
2020_blok1_376.jpg;2020;blok1;unclear
2020_blok1_377.jpg;2020;blok1;unclear
2020_blok1_378.jpg;2020;blok1;unclear
2020_blok1_379.jpg;2020;blok1;unclear
2020_blok1_380.jpg;2020;blok1;unclear
2020_blok1_381.jpg;2020;blok1;unclear
2020_blok1_382.jpg;2020;blok1;unclear
2020_blok1_383.jpg;2020;blok1;phocas
2020_blok1_384.jpg;2020;blok1;phocas
2020_blok1_385.jpg;2020;blok1;phocas
2020_blok1_386.jpg;2020;blok1;orca
2020_blok1_387.jpg;2020;blok1;orca
2020_blok1_388.jpg;2020;blok1;unclear
2020_blok1_389.jpg;2020;blok1;unclear
2020_blok1_390.jpg;2020;blok1;unclear
2020_blok1_391.jpg;2020;blok1;unclear
2020_blok1_392.jpg;2020;blok1;unclear
2020_blok1_393.jpg;2020;blok1;unclear
2020_blok1_394.jpg;2020;blok1;unclear
2020_blok1_395.jpg;2020;blok1;laga
2020_blok1_396.jpg;2020;blok1;laga
2020_blok1_397.jpg;2020;blok1;laga
2020_blok1_398.jpg;2020;blok1;laga
2020_blok1_399.jpg;2020;blok1;laga
2020_blok1_400.jpg;2020;blok1;laga
2020_blok1_401.jpg;2020;blok1;laga
2020_blok1_402.jpg;2020;blok1;okeanos
2020_blok1_403.jpg;2020;blok1;unclear
2020_blok1_404.jpg;2020;blok1;unclear
2020_blok1_405.jpg;2020;blok1;okeanos
2020_blok1_406.jpg;2020;blok1;unclear
2020_blok1_407.jpg;2020;blok1;unclear
2020_blok1_408.jpg;2020;blok1;laga
2020_blok1_409.jpg;2020;blok1;laga
2020_blok1_410.jpg;2020;blok1;laga
2020_blok1_411.jpg;2020;blok1;laga
2020_blok1_412.jpg;2020;blok1;laga
2020_blok1_413.jpg;2020;blok1;asopos
2020_blok1_414.jpg;2020;blok1;asopos
2020_blok1_415.jpg;2020;blok1;laga
2020_blok1_416.jpg;2020;blok1;laga
2020_blok1_417.jpg;2020;blok1;asopos
2020_blok1_418.jpg;2020;blok1;argo
2020_blok1_419.jpg;2020;blok1;argo
2020_blok1_420.jpg;2020;blok1;argo
2020_blok1_421.jpg;2020;blok1;laga
2020_blok1_422.jpg;2020;blok1;laga
2020_blok1_423.jpg;2020;blok1;laga
2020_blok1_424.jpg;2020;blok1;laga
2020_blok1_425.jpg;2020;blok1;argo
2020_blok1_426.jpg;2020;blok1;laga
2020_blok1_427.jpg;2020;blok1;unclear
2020_blok1_428.jpg;2020;blok1;unclear
2020_blok1_429.jpg;2020;blok1;unclear
2020_blok1_430.jpg;2020;blok1;unclear
2020_blok1_431.jpg;2020;blok1;unclear
2020_blok1_432.jpg;2020;blok1;phocas
2020_blok1_433.jpg;2020;blok1;phocas
2020_blok1_434.jpg;2020;blok1;phocas
2020_blok1_435.jpg;2020;blok1;phocas
2020_blok1_436.jpg;2020;blok1;phocas
2020_blok1_437.jpg;2020;blok1;phocas
2020_blok1_438.jpg;2020;blok1;phocas
2020_blok1_439.jpg;2020;blok1;phocas
2020_blok1_440.jpg;2020;blok1;phocas
2020_blok1_441.jpg;2020;blok1;phocas
2020_blok1_442.jpg;2020;blok1;unclear
2020_blok1_443.jpg;2020;blok1;unclear
2020_blok1_444.jpg;2020;blok1;unclear
2020_blok1_445.jpg;2020;blok1;unclear
2020_blok1_446.jpg;2020;blok1;unclear
2020_blok1_447.jpg;2020;blok1;unclear
2020_blok1_448.jpg;2020;blok1;unclear
2020_blok1_449.jpg;2020;blok1;unclear
2020_blok1_450.jpg;2020;blok1;unclear
2020_blok2_1.jpg;2020;blok2;vidar
2020_blok2_2.jpg;2020;blok2;vidar
2020_blok2_3.jpg;2020;blok2;vidar
2020_blok2_4.jpg;2020;blok2;vidar
2020_blok2_5.jpg;2020;blok2;unclear
2020_blok2_6.jpg;2020;blok2;unclear
2020_blok2_7.jpg;2020;blok2;nereus
2020_blok2_8.jpg;2020;blok2;nereus
2020_blok2_9.jpg;2020;blok2;nereus
2020_blok2_10.jpg;2020;blok2;nereus
2020_blok2_11.jpg;2020;blok2;unclear
2020_blok2_12.jpg;2020;blok2;unclear
2020_blok2_13.jpg;2020;blok2;aegir
2020_blok2_14.jpg;2020;blok2;aegir
2020_blok2_15.jpg;2020;blok2;aegir
2020_blok2_16.jpg;2020;blok2;aegir
2020_blok2_17.jpg;2020;blok2;aegir
2020_blok2_18.jpg;2020;blok2;aegir
2020_blok2_19.jpg;2020;blok2;aegir
2020_blok2_20.jpg;2020;blok2;aegir
2020_blok2_21.jpg;2020;blok2;unclear
2020_blok2_22.jpg;2020;blok2;proteus
2020_blok2_23.jpg;2020;blok2;proteus
2020_blok2_24.jpg;2020;blok2;proteus
2020_blok2_25.jpg;2020;blok2;proteus
2020_blok2_26.jpg;2020;blok2;proteus
2020_blok2_27.jpg;2020;blok2;proteus
2020_blok2_28.jpg;2020;blok2;gyas
2020_blok2_29.jpg;2020;blok2;gyas
2020_blok2_30.jpg;2020;blok2;gyas
2020_blok2_31.jpg;2020;blok2;gyas
2020_blok2_32.jpg;2020;blok2;gyas
2020_blok2_33.jpg;2020;blok2;gyas
2020_blok2_34.jpg;2020;blok2;unclear
2020_blok2_35.jpg;2020;blok2;unclear
2020_blok2_36.jpg;2020;blok2;unclear
2020_blok2_37.jpg;2020;blok2;unclear
2020_blok2_38.jpg;2020;blok2;unclear
2020_blok2_39.jpg;2020;blok2;unclear
2020_blok2_40.jpg;2020;blok2;unclear
2020_blok2_41.jpg;2020;blok2;unclear
2020_blok2_42.jpg;2020;blok2;orca
2020_blok2_43.jpg;2020;blok2;orca
2020_blok2_44.jpg;2020;blok2;orca
2020_blok2_45.jpg;2020;blok2;orca
2020_blok2_46.jpg;2020;blok2;orca
2020_blok2_47.jpg;2020;blok2;orca
2020_blok2_48.jpg;2020;blok2;orca
2020_blok2_49.jpg;2020;blok2;orca
2020_blok2_50.jpg;2020;blok2;asopos
2020_blok2_51.jpg;2020;blok2;asopos
2020_blok2_52.jpg;2020;blok2;asopos
2020_blok2_53.jpg;2020;blok2;asopos
2020_blok2_54.jpg;2020;blok2;asopos
2020_blok2_55.jpg;2020;blok2;asopos
2020_blok2_56.jpg;2020;blok2;skadi
2020_blok2_57.jpg;2020;blok2;skadi
2020_blok2_58.jpg;2020;blok2;skadi
2020_blok2_59.jpg;2020;blok2;skadi
2020_blok2_60.jpg;2020;blok2;skadi
2020_blok2_61.jpg;2020;blok2;skadi
2020_blok2_62.jpg;2020;blok2;skoll
2020_blok2_63.jpg;2020;blok2;skoll
2020_blok2_64.jpg;2020;blok2;skoll
2020_blok2_65.jpg;2020;blok2;skoll
2020_blok2_66.jpg;2020;blok2;skoll
2020_blok2_67.jpg;2020;blok2;skoll
2020_blok2_68.jpg;2020;blok2;skoll
2020_blok2_69.jpg;2020;blok2;skoll
2020_blok2_70.jpg;2020;blok2;triton
2020_blok2_71.jpg;2020;blok2;triton
2020_blok2_72.jpg;2020;blok2;triton
2020_blok2_73.jpg;2020;blok2;triton
2020_blok2_74.jpg;2020;blok2;triton
2020_blok2_75.jpg;2020;blok2;triton
2020_blok2_76.jpg;2020;blok2;triton
2020_blok2_77.jpg;2020;blok2;njord
2020_blok2_78.jpg;2020;blok2;njord
2020_blok2_79.jpg;2020;blok2;njord
2020_blok2_80.jpg;2020;blok2;njord
2020_blok2_81.jpg;2020;blok2;njord
2020_blok2_82.jpg;2020;blok2;njord
2020_blok2_83.jpg;2020;blok2;njord
2020_blok2_84.jpg;2020;blok2;phocas
2020_blok2_85.jpg;2020;blok2;phocas
2020_blok2_86.jpg;2020;blok2;phocas
2020_blok2_87.jpg;2020;blok2;phocas
2020_blok2_88.jpg;2020;blok2;phocas
2020_blok2_89.jpg;2020;blok2;phocas
2020_blok2_90.jpg;2020;blok2;laga
2020_blok2_91.jpg;2020;blok2;laga
2020_blok2_92.jpg;2020;blok2;laga
2020_blok2_93.jpg;2020;blok2;laga
2020_blok2_94.jpg;2020;blok2;laga
2020_blok2_95.jpg;2020;blok2;laga
2020_blok2_96.jpg;2020;blok2;argo
2020_blok2_97.jpg;2020;blok2;argo
2020_blok2_98.jpg;2020;blok2;argo
2020_blok2_99.jpg;2020;blok2;argo
2020_blok2_100.jpg;2020;blok2;argo
2020_blok2_101.jpg;2020;blok2;argo
2020_blok2_102.jpg;2020;blok2;njord
2020_blok2_103.jpg;2020;blok2;njord
2020_blok2_104.jpg;2020;blok2;njord
2020_blok2_105.jpg;2020;blok2;njord
2020_blok2_106.jpg;2020;blok2;njord
2020_blok2_107.jpg;2020;blok2;njord
2020_blok2_108.jpg;2020;blok2;proteus
2020_blok2_109.jpg;2020;blok2;proteus
2020_blok2_110.jpg;2020;blok2;proteus
2020_blok2_111.jpg;2020;blok2;proteus
2020_blok2_112.jpg;2020;blok2;proteus
2020_blok2_113.jpg;2020;blok2;proteus
2020_blok2_114.jpg;2020;blok2;skoll
2020_blok2_115.jpg;2020;blok2;skoll
2020_blok2_116.jpg;2020;blok2;skoll
2020_blok2_117.jpg;2020;blok2;skoll
2020_blok2_118.jpg;2020;blok2;skoll
2020_blok2_119.jpg;2020;blok2;skoll
2020_blok2_120.jpg;2020;blok2;skoll
2020_blok2_121.jpg;2020;blok2;triton
2020_blok2_122.jpg;2020;blok2;triton
2020_blok2_123.jpg;2020;blok2;triton
2020_blok2_124.jpg;2020;blok2;triton
2020_blok2_125.jpg;2020;blok2;triton
2020_blok2_126.jpg;2020;blok2;okeanos
2020_blok2_127.jpg;2020;blok2;okeanos
2020_blok2_128.jpg;2020;blok2;okeanos
2020_blok2_129.jpg;2020;blok2;okeanos
2020_blok2_130.jpg;2020;blok2;okeanos
2020_blok2_131.jpg;2020;blok2;okeanos
2020_blok2_132.jpg;2020;blok2;okeanos
2020_blok2_133.jpg;2020;blok2;okeanos
2020_blok2_134.jpg;2020;blok2;skadi
2020_blok2_135.jpg;2020;blok2;skadi
2020_blok2_136.jpg;2020;blok2;skadi
2020_blok2_137.jpg;2020;blok2;skadi
2020_blok2_138.jpg;2020;blok2;skadi
2020_blok2_139.jpg;2020;blok2;skadi
2020_blok2_140.jpg;2020;blok2;unclear
2020_blok2_141.jpg;2020;blok2;unclear
2020_blok2_142.jpg;2020;blok2;unclear
2020_blok2_143.jpg;2020;blok2;unclear
2020_blok2_144.jpg;2020;blok2;unclear
2020_blok2_145.jpg;2020;blok2;unclear
2020_blok2_146.jpg;2020;blok2;aegir
2020_blok2_147.jpg;2020;blok2;aegir
2020_blok2_148.jpg;2020;blok2;aegir
2020_blok2_149.jpg;2020;blok2;aegir
2020_blok2_150.jpg;2020;blok2;aegir
2020_blok2_151.jpg;2020;blok2;aegir
2020_blok2_152.jpg;2020;blok2;aegir
2020_blok2_153.jpg;2020;blok2;orca
2020_blok2_154.jpg;2020;blok2;orca
2020_blok2_155.jpg;2020;blok2;orca
2020_blok2_156.jpg;2020;blok2;orca
2020_blok2_157.jpg;2020;blok2;orca
2020_blok2_158.jpg;2020;blok2;orca
2020_blok2_159.jpg;2020;blok2;nereus
2020_blok2_160.jpg;2020;blok2;nereus
2020_blok2_161.jpg;2020;blok2;nereus
2020_blok2_162.jpg;2020;blok2;nereus
2020_blok2_163.jpg;2020;blok2;nereus
2020_blok2_164.jpg;2020;blok2;nereus
2020_blok2_165.jpg;2020;blok2;nereus
2020_blok2_166.jpg;2020;blok2;gyas
2020_blok2_167.jpg;2020;blok2;gyas
2020_blok2_168.jpg;2020;blok2;gyas
2020_blok2_169.jpg;2020;blok2;gyas
2020_blok2_170.jpg;2020;blok2;gyas
2020_blok2_171.jpg;2020;blok2;gyas
2020_blok2_172.jpg;2020;blok2;gyas
2020_blok2_173.jpg;2020;blok2;laga
2020_blok2_174.jpg;2020;blok2;laga
2020_blok2_175.jpg;2020;blok2;laga
2020_blok2_176.jpg;2020;blok2;laga
2020_blok2_177.jpg;2020;blok2;laga
2020_blok2_178.jpg;2020;blok2;laga
2020_blok2_179.jpg;2020;blok2;unclear
2020_blok2_180.jpg;2020;blok2;unclear
2020_blok2_181.jpg;2020;blok2;okeanos
2020_blok2_182.jpg;2020;blok2;okeanos
2020_blok2_183.jpg;2020;blok2;argo
2020_blok2_184.jpg;2020;blok2;argo
2020_blok2_185.jpg;2020;blok2;laga
2020_blok2_186.jpg;2020;blok2;laga
2020_blok2_187.jpg;2020;blok2;proteus
2020_blok2_188.jpg;2020;blok2;proteus
2020_blok2_189.jpg;2020;blok2;njord
2020_blok2_190.jpg;2020;blok2;njord
2020_blok2_191.jpg;2020;blok2;saurus
2020_blok2_192.jpg;2020;blok2;saurus
2020_blok2_193.jpg;2020;blok2;pelargos
2020_blok2_194.jpg;2020;blok2;pelargos
2020_blok2_195.jpg;2020;blok2;unclear
2020_blok2_196.jpg;2020;blok2;unclear
2020_blok2_197.jpg;2020;blok2;asopos
2020_blok2_198.jpg;2020;blok2;asopos
2020_blok2_199.jpg;2020;blok2;argo
2020_blok2_200.jpg;2020;blok2;saurus
2020_blok2_201.jpg;2020;blok2;saurus
2020_blok2_202.jpg;2020;blok2;vidar
2020_blok2_203.jpg;2020;blok2;vidar
2020_blok2_204.jpg;2020;blok2;laga
2020_blok2_205.jpg;2020;blok2;laga
2020_blok2_206.jpg;2020;blok2;skoll
2020_blok2_207.jpg;2020;blok2;skoll
2020_blok2_208.jpg;2020;blok2;skoll
2020_blok2_209.jpg;2020;blok2;orca
2020_blok2_210.jpg;2020;blok2;orca
2020_blok2_211.jpg;2020;blok2;okeanos
2020_blok2_212.jpg;2020;blok2;unclear
2020_blok2_213.jpg;2020;blok2;unclear
2020_blok2_214.jpg;2020;blok2;unclear
2020_blok2_215.jpg;2020;blok2;skoll
2020_blok2_216.jpg;2020;blok2;skoll
2020_blok2_217.jpg;2020;blok2;argo
2020_blok2_218.jpg;2020;blok2;argo
2020_blok2_219.jpg;2020;blok2;phocas
2020_blok2_220.jpg;2020;blok2;njord
2020_blok2_221.jpg;2020;blok2;njord
2020_blok2_222.jpg;2020;blok2;triton
2020_blok2_223.jpg;2020;blok2;skadi
2020_blok2_224.jpg;2020;blok2;skadi
2020_blok2_225.jpg;2020;blok2;skoll
2020_blok2_226.jpg;2020;blok2;skoll
2020_blok2_227.jpg;2020;blok2;skoll
2020_blok2_228.jpg;2020;blok2;unclear
2020_blok2_229.jpg;2020;blok2;skoll
2020_blok2_230.jpg;2020;blok2;skoll
2020_blok2_231.jpg;2020;blok2;skoll
2020_blok2_232.jpg;2020;blok2;unclear
2020_blok2_233.jpg;2020;blok2;unclear
2020_blok2_234.jpg;2020;blok2;unclear
2020_blok2_235.jpg;2020;blok2;unclear
2020_blok2_236.jpg;2020;blok2;nereus
2020_blok2_237.jpg;2020;blok2;nereus
2020_blok2_238.jpg;2020;blok2;nereus
2020_blok2_239.jpg;2020;blok2;unclear
2020_blok2_240.jpg;2020;blok2;unclear
2020_blok2_241.jpg;2020;blok2;unclear
2020_blok2_242.jpg;2020;blok2;unclear
2020_blok2_243.jpg;2020;blok2;gyas
2020_blok2_244.jpg;2020;blok2;gyas
2020_blok2_245.jpg;2020;blok2;gyas
2020_blok2_246.jpg;2020;blok2;gyas
2020_blok2_247.jpg;2020;blok2;gyas
2020_blok2_248.jpg;2020;blok2;unclear
2020_blok2_249.jpg;2020;blok2;unclear
2020_blok2_250.jpg;2020;blok2;unclear
2020_blok2_251.jpg;2020;blok2;skoll
2020_blok2_252.jpg;2020;blok2;skoll
2020_blok2_253.jpg;2020;blok2;skoll
2020_blok2_254.jpg;2020;blok2;skoll
2020_blok2_255.jpg;2020;blok2;skoll
2020_blok2_256.jpg;2020;blok2;phocas
2020_blok2_257.jpg;2020;blok2;phocas
2020_blok2_258.jpg;2020;blok2;phocas
2020_blok2_259.jpg;2020;blok2;laga
2020_blok2_260.jpg;2020;blok2;laga
2020_blok2_261.jpg;2020;blok2;laga
2020_blok2_262.jpg;2020;blok2;laga
2020_blok2_263.jpg;2020;blok2;laga
2020_blok2_264.jpg;2020;blok2;laga
2020_blok2_265.jpg;2020;blok2;proteus
2020_blok2_266.jpg;2020;blok2;proteus
2020_blok2_267.jpg;2020;blok2;proteus
2020_blok2_268.jpg;2020;blok2;proteus
2020_blok2_269.jpg;2020;blok2;proteus
2020_blok2_270.jpg;2020;blok2;proteus
2020_blok2_271.jpg;2020;blok2;proteus
2020_blok2_272.jpg;2020;blok2;vidar
2020_blok2_273.jpg;2020;blok2;vidar
2020_blok2_274.jpg;2020;blok2;vidar
2020_blok2_275.jpg;2020;blok2;proteus
2020_blok2_276.jpg;2020;blok2;vidar
2020_blok2_277.jpg;2020;blok2;unclear
2020_blok2_278.jpg;2020;blok2;unclear
2020_blok2_279.jpg;2020;blok2;unclear
2020_blok2_280.jpg;2020;blok2;nereus
2020_blok2_281.jpg;2020;blok2;nereus
2020_blok2_282.jpg;2020;blok2;nereus
2020_blok2_283.jpg;2020;blok2;unclear
2020_blok2_284.jpg;2020;blok2;unclear
2020_blok2_285.jpg;2020;blok2;proteus
2020_blok2_286.jpg;2020;blok2;proteus
2020_blok2_287.jpg;2020;blok2;proteus
2020_blok2_288.jpg;2020;blok2;proteus
2020_blok2_289.jpg;2020;blok2;proteus
2020_blok2_290.jpg;2020;blok2;laga
2020_blok2_291.jpg;2020;blok2;laga
2020_blok2_292.jpg;2020;blok2;laga
2020_blok2_293.jpg;2020;blok2;proteus
2020_blok2_294.jpg;2020;blok2;proteus
2020_blok2_295.jpg;2020;blok2;proteus
2020_blok2_296.jpg;2020;blok2;proteus
2020_blok2_297.jpg;2020;blok2;proteus
2020_blok2_298.jpg;2020;blok2;proteus
2020_blok2_299.jpg;2020;blok2;unclear
2020_blok2_300.jpg;2020;blok2;orca
2020_blok2_301.jpg;2020;blok2;orca
2020_blok2_302.jpg;2020;blok2;aegir
2020_blok2_303.jpg;2020;blok2;aegir
2020_blok2_304.jpg;2020;blok2;aegir
2020_blok2_305.jpg;2020;blok2;aegir
2020_blok2_306.jpg;2020;blok2;unclear
2020_blok2_307.jpg;2020;blok2;proteus
2020_blok2_308.jpg;2020;blok2;proteus
2020_blok2_309.jpg;2020;blok2;proteus
2020_blok2_310.jpg;2020;blok2;unclear
2020_blok2_311.jpg;2020;blok2;unclear
2020_blok2_312.jpg;2020;blok2;unclear
2020_blok2_313.jpg;2020;blok2;unclear
2020_blok2_314.jpg;2020;blok2;skoll
2020_blok2_315.jpg;2020;blok2;skoll
2020_blok2_316.jpg;2020;blok2;asopos
2020_blok2_317.jpg;2020;blok2;asopos
2020_blok2_318.jpg;2020;blok2;asopos
2020_blok2_319.jpg;2020;blok2;unclear
2020_blok2_320.jpg;2020;blok2;gyas
2020_blok2_321.jpg;2020;blok2;gyas
2020_blok2_322.jpg;2020;blok2;gyas
2020_blok2_323.jpg;2020;blok2;gyas
2020_blok2_324.jpg;2020;blok2;proteus
2020_blok2_325.jpg;2020;blok2;proteus
2020_blok2_326.jpg;2020;blok2;proteus
2020_blok2_327.jpg;2020;blok2;proteus
2020_blok2_328.jpg;2020;blok2;proteus
2020_blok2_329.jpg;2020;blok2;unclear
2020_blok2_330.jpg;2020;blok2;unclear
2020_blok2_331.jpg;2020;blok2;skadi
2020_blok2_332.jpg;2020;blok2;skadi
2020_blok2_333.jpg;2020;blok2;proteus
2020_blok2_334.jpg;2020;blok2;proteus
2020_blok2_335.jpg;2020;blok2;proteus
2020_blok2_336.jpg;2020;blok2;unclear
2020_blok2_337.jpg;2020;blok2;unclear
2020_blok2_338.jpg;2020;blok2;triton
2020_blok2_339.jpg;2020;blok2;triton
2020_blok2_340.jpg;2020;blok2;triton
2020_blok2_341.jpg;2020;blok2;skoll
2020_blok2_342.jpg;2020;blok2;skoll
2020_blok2_343.jpg;2020;blok2;skoll
2020_blok2_344.jpg;2020;blok2;skoll
2020_blok2_345.jpg;2020;blok2;asopos
2020_blok2_346.jpg;2020;blok2;asopos
2020_blok2_347.jpg;2020;blok2;asopos
2020_blok2_348.jpg;2020;blok2;asopos
2020_blok2_349.jpg;2020;blok2;unclear
2020_blok2_350.jpg;2020;blok2;unclear
2020_blok2_351.jpg;2020;blok2;unclear
2020_blok2_352.jpg;2020;blok2;proteus
2020_blok2_353.jpg;2020;blok2;proteus
2020_blok2_354.jpg;2020;blok2;unclear
2020_blok2_355.jpg;2020;blok2;unclear
2020_blok2_356.jpg;2020;blok2;unclear
2020_blok2_357.jpg;2020;blok2;unclear
2020_blok2_358.jpg;2020;blok2;unclear
2020_blok2_359.jpg;2020;blok2;unclear
2020_blok2_360.jpg;2020;blok2;unclear
2020_blok2_361.jpg;2020;blok2;skadi
2020_blok2_362.jpg;2020;blok2;skadi
2020_blok2_363.jpg;2020;blok2;skadi
2020_blok2_364.jpg;2020;blok2;skadi
2020_blok2_365.jpg;2020;blok2;unclear
2020_blok2_366.jpg;2020;blok2;unclear
2020_blok2_367.jpg;2020;blok2;vidar
2020_blok2_368.jpg;2020;blok2;vidar
2020_blok2_369.jpg;2020;blok2;vidar
2020_blok2_370.jpg;2020;blok2;gyas
2020_blok2_371.jpg;2020;blok2;gyas
2020_blok2_372.jpg;2020;blok2;vidar
2020_blok2_373.jpg;2020;blok2;gyas
2020_blok2_374.jpg;2020;blok2;vidar
2020_blok2_375.jpg;2020;blok2;laga
2020_blok2_376.jpg;2020;blok2;laga
2020_blok2_377.jpg;2020;blok2;skoll
2020_blok2_378.jpg;2020;blok2;skoll
2020_blok2_379.jpg;2020;blok2;skoll
2020_blok2_380.jpg;2020;blok2;laga
2020_blok2_381.jpg;2020;blok2;laga
2020_blok2_382.jpg;2020;blok2;proteus
2020_blok2_383.jpg;2020;blok2;proteus
2020_blok2_384.jpg;2020;blok2;proteus
2020_blok2_385.jpg;2020;blok2;proteus
2020_blok2_386.jpg;2020;blok2;unclear
2020_blok2_387.jpg;2020;blok2;unclear
2020_blok2_388.jpg;2020;blok2;unclear
2020_blok2_389.jpg;2020;blok2;unclear
2020_blok2_390.jpg;2020;blok2;unclear
2020_blok2_391.jpg;2020;blok2;unclear
2020_blok2_392.jpg;2020;blok2;unclear
2020_blok2_393.jpg;2020;blok2;unclear
2020_blok2_394.jpg;2020;blok2;unclear
2020_blok2_395.jpg;2020;blok2;orca
2020_blok2_396.jpg;2020;blok2;unclear
2020_blok2_397.jpg;2020;blok2;nereus
2020_blok2_398.jpg;2020;blok2;nereus
2020_blok2_399.jpg;2020;blok2;nereus
2020_blok2_400.jpg;2020;blok2;orca
2020_blok2_401.jpg;2020;blok2;orca
2020_blok2_402.jpg;2020;blok2;nereus
2020_blok2_403.jpg;2020;blok2;nereus
2020_blok2_404.jpg;2020;blok2;unclear
2020_blok2_405.jpg;2020;blok2;unclear
2020_blok2_406.jpg;2020;blok2;unclear
2020_blok2_407.jpg;2020;blok2;asopos
2020_blok2_408.jpg;2020;blok2;asopos
2020_blok2_409.jpg;2020;blok2;asopos
2020_blok2_410.jpg;2020;blok2;unclear
2020_blok2_411.jpg;2020;blok2;unclear
2020_blok2_412.jpg;2020;blok2;unclear
2020_blok2_413.jpg;2020;blok2;unclear
2020_blok2_414.jpg;2020;blok2;unclear
2020_blok2_415.jpg;2020;blok2;unclear
2020_blok2_416.jpg;2020;blok2;unclear
2020_blok2_417.jpg;2020;blok2;unclear
2020_blok2_418.jpg;2020;blok2;unclear
2020_blok2_419.jpg;2020;blok2;unclear
2020_blok2_420.jpg;2020;blok2;unclear
2020_blok2_421.jpg;2020;blok2;unclear
2020_blok2_422.jpg;2020;blok2;unclear
2020_blok2_423.jpg;2020;blok2;unclear
2020_blok2_424.jpg;2020;blok2;unclear
2020_blok2_425.jpg;2020;blok2;asopos
2020_blok2_426.jpg;2020;blok2;asopos
2020_blok2_427.jpg;2020;blok2;asopos
2020_blok2_428.jpg;2020;blok2;unclear
2020_blok2_429.jpg;2020;blok2;unclear
2020_blok2_430.jpg;2020;blok2;unclear
2020_blok2_431.jpg;2020;blok2;skadi
2020_blok2_432.jpg;2020;blok2;skadi
2020_blok2_433.jpg;2020;blok2;skadi
2020_blok2_434.jpg;2020;blok2;skadi
2020_blok2_435.jpg;2020;blok2;saurus
2020_blok2_436.jpg;2020;blok2;saurus
2020_blok2_437.jpg;2020;blok2;triton
2020_blok2_438.jpg;2020;blok2;triton
2020_blok2_439.jpg;2020;blok2;proteus
2020_blok2_440.jpg;2020;blok2;proteus
2020_blok2_441.jpg;2020;blok2;proteus
2020_blok2_442.jpg;2020;blok2;proteus
2020_blok2_443.jpg;2020;blok2;proteus
2020_blok2_444.jpg;2020;blok2;skoll
2020_blok2_445.jpg;2020;blok2;skoll
2020_blok2_446.jpg;2020;blok2;skoll
2020_blok2_447.jpg;2020;blok2;unclear
2020_blok2_448.jpg;2020;blok2;unclear
2020_blok2_449.jpg;2020;blok2;proteus
2020_blok2_450.jpg;2020;blok2;proteus
2020_blok2_451.jpg;2020;blok2;proteus
2020_blok2_452.jpg;2020;blok2;proteus
2020_blok2_453.jpg;2020;blok2;skoll
2020_blok2_454.jpg;2020;blok2;skoll
2020_blok2_455.jpg;2020;blok2;orca
2020_blok2_456.jpg;2020;blok2;orca
2020_blok2_457.jpg;2020;blok2;unclear
2020_blok2_458.jpg;2020;blok2;orca
2020_blok2_459.jpg;2020;blok2;unclear
2020_blok2_460.jpg;2020;blok2;unclear
2020_blok2_461.jpg;2020;blok2;unclear
2020_blok2_462.jpg;2020;blok2;unclear
2020_blok2_463.jpg;2020;blok2;unclear
2020_blok3_1.jpg;2020;blok3;unclear
2020_blok3_2.jpg;2020;blok3;unclear
2020_blok3_3.jpg;2020;blok3;unclear
2020_blok3_4.jpg;2020;blok3;unclear
2020_blok3_5.jpg;2020;blok3;unclear
2020_blok3_6.jpg;2020;blok3;unclear
2020_blok3_7.jpg;2020;blok3;unclear
2020_blok3_8.jpg;2020;blok3;unclear
2020_blok3_9.jpg;2020;blok3;unclear
2020_blok3_10.jpg;2020;blok3;unclear
2020_blok3_11.jpg;2020;blok3;unclear
2020_blok3_12.jpg;2020;blok3;unclear
2020_blok3_13.jpg;2020;blok3;laga
2020_blok3_14.jpg;2020;blok3;laga
2020_blok3_15.jpg;2020;blok3;laga
2020_blok3_16.jpg;2020;blok3;laga
2020_blok3_17.jpg;2020;blok3;laga
2020_blok3_18.jpg;2020;blok3;laga
2020_blok3_19.jpg;2020;blok3;laga
2020_blok3_20.jpg;2020;blok3;laga
2020_blok3_21.jpg;2020;blok3;njord
2020_blok3_22.jpg;2020;blok3;njord
2020_blok3_23.jpg;2020;blok3;njord
2020_blok3_24.jpg;2020;blok3;njord
2020_blok3_25.jpg;2020;blok3;laga
2020_blok3_26.jpg;2020;blok3;laga
2020_blok3_27.jpg;2020;blok3;laga
2020_blok3_28.jpg;2020;blok3;triton
2020_blok3_29.jpg;2020;blok3;triton
2020_blok3_30.jpg;2020;blok3;triton
2020_blok3_31.jpg;2020;blok3;triton
2020_blok3_32.jpg;2020;blok3;gyas
2020_blok3_33.jpg;2020;blok3;gyas
2020_blok3_34.jpg;2020;blok3;gyas
2020_blok3_35.jpg;2020;blok3;njord
2020_blok3_36.jpg;2020;blok3;njord
2020_blok3_37.jpg;2020;blok3;njord
2020_blok3_38.jpg;2020;blok3;njord
2020_blok3_39.jpg;2020;blok3;saurus
2020_blok3_40.jpg;2020;blok3;saurus
2020_blok3_41.jpg;2020;blok3;saurus
2020_blok3_42.jpg;2020;blok3;proteus
2020_blok3_43.jpg;2020;blok3;proteus
2020_blok3_44.jpg;2020;blok3;proteus
2020_blok3_45.jpg;2020;blok3;proteus
2020_blok3_46.jpg;2020;blok3;triton
2020_blok3_47.jpg;2020;blok3;triton
2020_blok3_48.jpg;2020;blok3;triton
2020_blok3_49.jpg;2020;blok3;vidar
2020_blok3_50.jpg;2020;blok3;vidar
2020_blok3_51.jpg;2020;blok3;vidar
2020_blok3_52.jpg;2020;blok3;vidar
2020_blok3_53.jpg;2020;blok3;skoll
2020_blok3_54.jpg;2020;blok3;skoll
2020_blok3_55.jpg;2020;blok3;skoll
2020_blok3_56.jpg;2020;blok3;skoll
2020_blok3_57.jpg;2020;blok3;skoll
2020_blok3_58.jpg;2020;blok3;unclear
2020_blok3_59.jpg;2020;blok3;unclear
2020_blok3_60.jpg;2020;blok3;unclear
2020_blok3_61.jpg;2020;blok3;unclear
2020_blok3_62.jpg;2020;blok3;orca
2020_blok3_63.jpg;2020;blok3;orca
2020_blok3_64.jpg;2020;blok3;orca
2020_blok3_65.jpg;2020;blok3;orca
2020_blok3_66.jpg;2020;blok3;proteus
2020_blok3_67.jpg;2020;blok3;proteus
2020_blok3_68.jpg;2020;blok3;proteus
2020_blok3_69.jpg;2020;blok3;njord
2020_blok3_70.jpg;2020;blok3;njord
2020_blok3_71.jpg;2020;blok3;njord
2020_blok3_72.jpg;2020;blok3;orca
2020_blok3_73.jpg;2020;blok3;orca
2020_blok3_74.jpg;2020;blok3;orca
2020_blok3_75.jpg;2020;blok3;orca
2020_blok3_76.jpg;2020;blok3;orca
2020_blok3_77.jpg;2020;blok3;njord
2020_blok3_78.jpg;2020;blok3;njord
2020_blok3_79.jpg;2020;blok3;proteus
2020_blok3_80.jpg;2020;blok3;proteus
2020_blok3_81.jpg;2020;blok3;proteus
2020_blok3_82.jpg;2020;blok3;proteus
2020_blok3_83.jpg;2020;blok3;proteus
2020_blok3_84.jpg;2020;blok3;aegir
2020_blok3_85.jpg;2020;blok3;aegir
2020_blok3_86.jpg;2020;blok3;aegir
2020_blok3_87.jpg;2020;blok3;laga
2020_blok3_88.jpg;2020;blok3;laga
2020_blok3_89.jpg;2020;blok3;laga
2020_blok3_90.jpg;2020;blok3;laga
2020_blok3_91.jpg;2020;blok3;laga
2020_blok3_92.jpg;2020;blok3;njord
2020_blok3_93.jpg;2020;blok3;njord
2020_blok3_94.jpg;2020;blok3;njord
2020_blok3_95.jpg;2020;blok3;njord
2020_blok3_96.jpg;2020;blok3;vidar
2020_blok3_97.jpg;2020;blok3;vidar
2020_blok3_98.jpg;2020;blok3;vidar
2020_blok3_99.jpg;2020;blok3;vidar
2020_blok3_100.jpg;2020;blok3;vidar
2020_blok3_101.jpg;2020;blok3;njord
2020_blok3_102.jpg;2020;blok3;njord
2020_blok3_103.jpg;2020;blok3;njord
2020_blok3_104.jpg;2020;blok3;gyas
2020_blok3_105.jpg;2020;blok3;gyas
2020_blok3_106.jpg;2020;blok3;gyas
2020_blok3_107.jpg;2020;blok3;unclear
2020_blok3_108.jpg;2020;blok3;triton
2020_blok3_109.jpg;2020;blok3;triton
2020_blok3_110.jpg;2020;blok3;triton
2020_blok3_111.jpg;2020;blok3;triton
2020_blok3_112.jpg;2020;blok3;triton
2020_blok3_113.jpg;2020;blok3;unclear
2020_blok3_114.jpg;2020;blok3;unclear
2020_blok3_115.jpg;2020;blok3;unclear
2020_blok3_116.jpg;2020;blok3;unclear
2020_blok3_117.jpg;2020;blok3;unclear
2020_blok3_118.jpg;2020;blok3;unclear
2020_blok3_119.jpg;2020;blok3;unclear
2020_blok3_120.jpg;2020;blok3;unclear
2020_blok3_121.jpg;2020;blok3;unclear
2020_blok3_122.jpg;2020;blok3;unclear
2020_blok3_123.jpg;2020;blok3;unclear
2020_blok3_124.jpg;2020;blok3;unclear
2020_blok3_125.jpg;2020;blok3;unclear
2020_blok3_126.jpg;2020;blok3;unclear
2020_blok3_127.jpg;2020;blok3;unclear
2020_blok3_128.jpg;2020;blok3;unclear
2020_blok3_129.jpg;2020;blok3;unclear
2020_blok3_130.jpg;2020;blok3;unclear
2020_blok3_131.jpg;2020;blok3;unclear
2020_blok3_132.jpg;2020;blok3;unclear
2020_blok3_133.jpg;2020;blok3;unclear
2020_blok3_134.jpg;2020;blok3;unclear
2020_blok3_135.jpg;2020;blok3;unclear
2020_blok3_136.jpg;2020;blok3;unclear
2020_blok3_137.jpg;2020;blok3;unclear
2020_blok3_138.jpg;2020;blok3;unclear
2020_blok3_139.jpg;2020;blok3;unclear
2020_blok3_140.jpg;2020;blok3;unclear
2020_blok3_141.jpg;2020;blok3;unclear
2020_blok3_142.jpg;2020;blok3;unclear
2020_blok3_143.jpg;2020;blok3;unclear
2020_blok3_144.jpg;2020;blok3;unclear
2020_blok3_145.jpg;2020;blok3;unclear
2020_blok3_146.jpg;2020;blok3;unclear
2020_blok3_147.jpg;2020;blok3;unclear
2020_blok3_148.jpg;2020;blok3;unclear
2020_blok3_149.jpg;2020;blok3;unclear
2020_blok3_150.jpg;2020;blok3;unclear
2020_blok3_151.jpg;2020;blok3;unclear
2020_blok3_152.jpg;2020;blok3;unclear
2020_blok3_153.jpg;2020;blok3;unclear
2020_blok3_154.jpg;2020;blok3;unclear
2020_blok3_155.jpg;2020;blok3;unclear
2020_blok3_156.jpg;2020;blok3;unclear
2020_blok3_157.jpg;2020;blok3;unclear
2020_blok3_158.jpg;2020;blok3;unclear
2020_blok3_159.jpg;2020;blok3;unclear
2022_blok1_1.jpg;2022;blok1;laga
2022_blok1_2.jpg;2022;blok1;triton
2022_blok1_3.jpg;2022;blok1;unclear
2022_blok1_4.jpg;2022;blok1;gyas
2022_blok1_5.jpg;2022;blok1;laga
2022_blok1_6.jpg;2022;blok1;laga
2022_blok1_7.jpg;2022;blok1;skadi
2022_blok1_8.jpg;2022;blok1;orca
2022_blok1_9.jpg;2022;blok1;skadi
2022_blok1_10.jpg;2022;blok1;orca
2022_blok1_11.jpg;2022;blok1;laga
2022_blok1_12.jpg;2022;blok1;theta
2022_blok1_13.jpg;2022;blok1;laga
2022_blok1_14.jpg;2022;blok1;laga
2022_blok1_15.jpg;2022;blok1;orca
2022_blok1_16.jpg;2022;blok1;unclear
2022_blok1_17.jpg;2022;blok1;skoll
2022_blok1_18.jpg;2022;blok1;unclear
2022_blok1_19.jpg;2022;blok1;njord
2022_blok1_20.jpg;2022;blok1;unclear
2022_blok1_21.jpg;2022;blok1;saurus
2022_blok1_22.jpg;2022;blok1;unclear
2022_blok1_23.jpg;2022;blok1;laga
2022_blok1_24.jpg;2022;blok1;orca
2022_blok1_25.jpg;2022;blok1;orca
2022_blok1_26.jpg;2022;blok1;laga
2022_blok1_27.jpg;2022;blok1;orca
2022_blok1_28.jpg;2022;blok1;skoll
2022_blok1_29.jpg;2022;blok1;njord
2022_blok1_30.jpg;2022;blok1;nereus
2022_blok1_31.jpg;2022;blok1;nereus
2022_blok1_32.jpg;2022;blok1;laga
2022_blok1_33.jpg;2022;blok1;orca
2022_blok1_34.jpg;2022;blok1;njord
2022_blok1_35.jpg;2022;blok1;gyas
2022_blok1_36.jpg;2022;blok1;laga
2022_blok1_37.jpg;2022;blok1;theta
2022_blok1_38.jpg;2022;blok1;unclear
2022_blok1_39.jpg;2022;blok1;laga
2022_blok1_40.jpg;2022;blok1;orca
2022_blok1_41.jpg;2022;blok1;njord
2022_blok1_42.jpg;2022;blok1;unclear
2022_blok1_43.jpg;2022;blok1;orca
2022_blok1_44.jpg;2022;blok1;skadi
2022_blok1_45.jpg;2022;blok1;orca
2022_blok1_46.jpg;2022;blok1;orca
2022_blok1_47.jpg;2022;blok1;orca
2022_blok1_48.jpg;2022;blok1;nereus
2022_blok1_49.jpg;2022;blok1;laga
2022_blok1_50.jpg;2022;blok1;orca
2022_blok1_51.jpg;2022;blok1;laga
2022_blok1_52.jpg;2022;blok1;orca
2022_blok1_53.jpg;2022;blok1;skadi
2022_blok1_54.jpg;2022;blok1;unclear
2022_blok1_55.jpg;2022;blok1;orca
2022_blok1_56.jpg;2022;blok1;laga
2022_blok1_57.jpg;2022;blok1;unclear
2022_blok1_58.jpg;2022;blok1;unclear
2022_blok1_59.jpg;2022;blok1;orca
2022_blok1_60.jpg;2022;blok1;unclear
2022_blok1_61.jpg;2022;blok1;orca
2022_blok1_62.jpg;2022;blok1;triton
2022_blok1_63.jpg;2022;blok1;theta
2022_blok1_64.jpg;2022;blok1;laga
2022_blok1_65.jpg;2022;blok1;unclear
2022_blok1_66.jpg;2022;blok1;laga
2022_blok1_67.jpg;2022;blok1;orca
